{
	"__comment": "Designed by SimBuildings with Cubik Studio - https://cubik.studio",
	"textures": {
		"particle": "block/sea_lantern",
		"texture": "block/sea_lantern"
	},
	"elements": [ 	 
		{
			"__comment": "Box1",
			"from": [ 0.5, 0.5, 0.5 ],
			"to": [ 15.5, 15.5, 15.5 ],
			"faces": {
				"down": { "uv": [ 0.5, 0.5, 15.5, 15.5 ], "texture": "#texture" },
				"up": { "uv": [ 0.5, 0.5, 15.5, 15.5 ], "texture": "#texture" },
				"north": { "uv": [ 0.5, 0.5, 15.5, 15.5 ], "texture": "#texture" },
				"south": { "uv": [ 0.5, 0.5, 15.5, 15.5 ], "texture": "#texture" },
				"west": { "uv": [ 0.5, 0.5, 15.5, 15.5 ], "texture": "#texture" },
				"east": { "uv": [ 0.5, 0.5, 15.5, 15.5 ], "texture": "#texture" }
			}
		},
		{
			"__comment": "Box2",
			"from": [ 0, 0, 0.5 ],
			"to": [ 0.5, 0.5, 15.5 ],
			"faces": {
				"down": { "uv": [ 0, 0.5, 0.5, 15.5 ], "texture": "#texture" },
				"up": { "uv": [ 0, 0.5, 0.5, 15.5 ], "texture": "#texture" },
				"north": { "uv": [ 15.5, 15.5, 16, 16 ], "texture": "#texture" },
				"south": { "uv": [ 0, 15.5, 0.5, 16 ], "texture": "#texture" },
				"west": { "uv": [ 0.5, 15.5, 15.5, 16 ], "texture": "#texture" },
				"east": { "uv": [ 0.5, 15.5, 15.5, 16 ], "texture": "#texture" }
			}
		},
		{
			"__comment": "Box2",
			"from": [ 0, 15.5, 0.5 ],
			"to": [ 0.5, 16, 15.5 ],
			"faces": {
				"down": { "uv": [ 0, 0.5, 0.5, 15.5 ], "texture": "#texture" },
				"up": { "uv": [ 0, 0.5, 0.5, 15.5 ], "texture": "#texture" },
				"north": { "uv": [ 15.5, 0, 16, 0.5 ], "texture": "#texture" },
				"south": { "uv": [ 0, 0, 0.5, 0.5 ], "texture": "#texture" },
				"west": { "uv": [ 0.5, 0, 15.5, 0.5 ], "texture": "#texture" },
				"east": { "uv": [ 0.5, 0, 15.5, 0.5 ], "texture": "#texture" }
			}
		},
		{
			"__comment": "Box4",
			"from": [ 0, 0, 0 ],
			"to": [ 0.5, 16, 0.5 ],
			"faces": {
				"down": { "uv": [ 0, 15.5, 0.5, 16 ], "texture": "#texture" },
				"up": { "uv": [ 0, 0, 0.5, 0.5 ], "texture": "#texture" },
				"north": { "uv": [ 15.5, 0, 16, 16 ], "texture": "#texture" },
				"south": { "uv": [ 0, 0, 0.5, 16 ], "texture": "#texture" },
				"west": { "uv": [ 0, 0, 0.5, 16 ], "texture": "#texture" },
				"east": { "uv": [ 15.5, 0, 16, 16 ], "texture": "#texture" }
			}
		},
		{
			"__comment": "Box4",
			"from": [ 15.5, 0, 0 ],
			"to": [ 16, 16, 0.5 ],
			"faces": {
				"down": { "uv": [ 15.5, 15.5, 16, 16 ], "texture": "#texture" },
				"up": { "uv": [ 15.5, 0, 16, 0.5 ], "texture": "#texture" },
				"north": { "uv": [ 0, 0, 0.5, 16 ], "texture": "#texture" },
				"south": { "uv": [ 15.5, 0, 16, 16 ], "texture": "#texture" },
				"west": { "uv": [ 0, 0, 0.5, 16 ], "texture": "#texture" },
				"east": { "uv": [ 15.5, 0, 16, 16 ], "texture": "#texture" }
			}
		},
		{
			"__comment": "Box4",
			"from": [ 15.5, 0, 15.5 ],
			"to": [ 16, 16, 16 ],
			"faces": {
				"down": { "uv": [ 15.5, 0, 16, 0.5 ], "texture": "#texture" },
				"up": { "uv": [ 15.5, 15.5, 16, 16 ], "texture": "#texture" },
				"north": { "uv": [ 0, 0, 0.5, 16 ], "texture": "#texture" },
				"south": { "uv": [ 15.5, 0, 16, 16 ], "texture": "#texture" },
				"west": { "uv": [ 15.5, 0, 16, 16 ], "texture": "#texture" },
				"east": { "uv": [ 0, 0, 0.5, 16 ], "texture": "#texture" }
			}
		},
		{
			"__comment": "Box4",
			"from": [ 0, 0, 15.5 ],
			"to": [ 0.5, 16, 16 ],
			"faces": {
				"down": { "uv": [ 0, 0, 0.5, 0.5 ], "texture": "#texture" },
				"up": { "uv": [ 0, 15.5, 0.5, 16 ], "texture": "#texture" },
				"north": { "uv": [ 15.5, 0, 16, 16 ], "texture": "#texture" },
				"south": { "uv": [ 0, 0, 0.5, 16 ], "texture": "#texture" },
				"west": { "uv": [ 15.5, 0, 16, 16 ], "texture": "#texture" },
				"east": { "uv": [ 0, 0, 0.5, 16 ], "texture": "#texture" }
			}
		},
		{
			"__comment": "Box2",
			"from": [ 0.5, 15.5, 0 ],
			"to": [ 15.5, 16, 0.5 ],
			"faces": {
				"down": { "uv": [ 0.5, 0.5, 0, 15.5 ], "texture": "#texture", "rotation": 270 },
				"up": { "uv": [ 0, 0.5, 0.5, 15.5 ], "texture": "#texture", "rotation": 90 },
				"north": { "uv": [ 0.5, 0, 15.5, 0.5 ], "texture": "#texture" },
				"south": { "uv": [ 0.5, 0.5, 15.5, 0 ], "texture": "#texture" },
				"west": { "uv": [ 13, 0, 13.5, 0.5 ], "texture": "#texture" },
				"east": { "uv": [ 2.5, 0, 3, 0.5 ], "texture": "#texture" }
			}
		},
		{
			"__comment": "Box2",
			"from": [ 0.5, 0, 0 ],
			"to": [ 15.5, 0.5, 0.5 ],
			"faces": {
				"down": { "uv": [ 0, 0.5, 0.5, 15.5 ], "texture": "#texture", "rotation": 270 },
				"up": { "uv": [ 0, 0.5, 0.5, 15.5 ], "texture": "#texture", "rotation": 90 },
				"north": { "uv": [ 0.5, 15.5, 15.5, 16 ], "texture": "#texture" },
				"south": { "uv": [ 0.5, 15.5, 15.5, 16 ], "texture": "#texture" },
				"west": { "uv": [ 0, 15.5, 0.5, 16 ], "texture": "#texture" },
				"east": { "uv": [ 15.5, 15.5, 16, 16 ], "texture": "#texture" }
			}
		},
		{
			"__comment": "Box2",
			"from": [ 15.5, 15.5, 0.5 ],
			"to": [ 16, 16, 15.5 ],
			"faces": {
				"down": { "uv": [ 0.5, 0.5, 0, 15.5 ], "texture": "#texture", "rotation": 180 },
				"up": { "uv": [ 0, 0.5, 0.5, 15.5 ], "texture": "#texture", "rotation": 180 },
				"north": { "uv": [ 13, 0, 13.5, 0.5 ], "texture": "#texture" },
				"south": { "uv": [ 2.5, 0, 3, 0.5 ], "texture": "#texture" },
				"west": { "uv": [ 0.5, 0.5, 15.5, 0 ], "texture": "#texture" },
				"east": { "uv": [ 0.5, 0, 15.5, 0.5 ], "texture": "#texture" }
			}
		},
		{
			"__comment": "Box2",
			"from": [ 15.5, 0, 0.5 ],
			"to": [ 16, 0.5, 15.5 ],
			"faces": {
				"down": { "uv": [ 0, 0.5, 0.5, 15.5 ], "texture": "#texture", "rotation": 180 },
				"up": { "uv": [ 0.5, 0.5, 0, 15.5 ], "texture": "#texture", "rotation": 180 },
				"north": { "uv": [ 0, 15.5, 0.5, 16 ], "texture": "#texture" },
				"south": { "uv": [ 15.5, 15.5, 16, 16 ], "texture": "#texture" },
				"west": { "uv": [ 0.5, 15.5, 15.5, 16 ], "texture": "#texture" },
				"east": { "uv": [ 0.5, 15.5, 15.5, 16 ], "texture": "#texture" }
			}
		},
		{
			"__comment": "Box2",
			"from": [ 0.5, 15.5, 15.5 ],
			"to": [ 15.5, 16, 16 ],
			"faces": {
				"down": { "uv": [ 0.5, 0.5, 0, 15.5 ], "texture": "#texture", "rotation": 90 },
				"up": { "uv": [ 0, 0.5, 0.5, 15.5 ], "texture": "#texture", "rotation": 270 },
				"north": { "uv": [ 0.5, 0.5, 15.5, 0 ], "texture": "#texture" },
				"south": { "uv": [ 0.5, 0, 15.5, 0.5 ], "texture": "#texture" },
				"west": { "uv": [ 2.5, 0, 3, 0.5 ], "texture": "#texture" },
				"east": { "uv": [ 13, 0, 13.5, 0.5 ], "texture": "#texture" }
			}
		},
		{
			"__comment": "Box2",
			"from": [ 0.5, 0, 15.5 ],
			"to": [ 15.5, 0.5, 16 ],
			"faces": {
				"down": { "uv": [ 0, 0.5, 0.5, 15.5 ], "texture": "#texture", "rotation": 90 },
				"up": { "uv": [ 0.5, 0.5, 0, 15.5 ], "texture": "#texture", "rotation": 270 },
				"north": { "uv": [ 0.5, 15.5, 15.5, 16 ], "texture": "#texture" },
				"south": { "uv": [ 0.5, 15.5, 15.5, 16 ], "texture": "#texture" },
				"west": { "uv": [ 15.5, 15.5, 16, 16 ], "texture": "#texture" },
				"east": { "uv": [ 0, 15.5, 0.5, 16 ], "texture": "#texture" }
			}
		},
		{
			"__comment": "Box14",
			"from": [ 0.25, 2.5, 0.5 ],
			"to": [ 0.75, 4.5, 15.5 ],
			"faces": {
				"down": { "uv": [ 0.5, 4, 15.5, 4.5 ], "texture": "#texture", "rotation": 90 },
				"up": { "uv": [ 0.5, 4, 15.5, 4.5 ], "texture": "#texture", "rotation": 90 },
				"north": { "uv": [ 15.25, 11.5, 15.75, 13.5 ], "texture": "#texture" },
				"south": { "uv": [ 0.25, 11.5, 0.75, 13.5 ], "texture": "#texture" },
				"west": { "uv": [ 0.5, 11.5, 15.5, 13.5 ], "texture": "#texture" },
				"east": { "uv": [ 0.5, 11.5, 15.5, 13.5 ], "texture": "#texture" }
			}
		},
		{
			"__comment": "Box14",
			"from": [ 0.25, 7, 0.5 ],
			"to": [ 0.75, 9, 15.5 ],
			"faces": {
				"down": { "uv": [ 0.5, 4, 15.5, 4.5 ], "texture": "#texture", "rotation": 90 },
				"up": { "uv": [ 0.5, 4, 15.5, 4.5 ], "texture": "#texture", "rotation": 90 },
				"north": { "uv": [ 15.25, 11.5, 15.75, 13.5 ], "texture": "#texture" },
				"south": { "uv": [ 0.25, 11.5, 0.75, 13.5 ], "texture": "#texture" },
				"west": { "uv": [ 0.5, 7, 15.5, 9 ], "texture": "#texture" },
				"east": { "uv": [ 0.5, 11.5, 15.5, 13.5 ], "texture": "#texture" }
			}
		},
		{
			"__comment": "Box14",
			"from": [ 0.25, 11.5, 0.5 ],
			"to": [ 0.75, 13.5, 15.5 ],
			"faces": {
				"down": { "uv": [ 0.5, 4, 15.5, 4.5 ], "texture": "#texture", "rotation": 90 },
				"up": { "uv": [ 0.5, 4, 15.5, 4.5 ], "texture": "#texture", "rotation": 90 },
				"north": { "uv": [ 15.25, 11.5, 15.75, 13.5 ], "texture": "#texture" },
				"south": { "uv": [ 0.25, 11.5, 0.75, 13.5 ], "texture": "#texture" },
				"west": { "uv": [ 0.5, 2.5, 15.5, 4.5 ], "texture": "#texture" },
				"east": { "uv": [ 0.5, 11.5, 15.5, 13.5 ], "texture": "#texture" }
			}
		},
		{
			"__comment": "Box14",
			"from": [ 0.5, 2.5, 0.25 ],
			"to": [ 15.5, 4.5, 0.75 ],
			"faces": {
				"down": { "uv": [ 0.5, 4, 15.5, 4.5 ], "texture": "#texture" },
				"up": { "uv": [ 0.5, 4, 15.5, 4.5 ], "texture": "#texture", "rotation": 180 },
				"north": { "uv": [ 0.5, 11.5, 15.5, 13.5 ], "texture": "#texture" },
				"south": { "uv": [ 0.5, 11.5, 15.5, 13.5 ], "texture": "#texture" },
				"west": { "uv": [ 0.25, 11.5, 0.75, 13.5 ], "texture": "#texture" },
				"east": { "uv": [ 15.25, 11.5, 15.75, 13.5 ], "texture": "#texture" }
			}
		},
		{
			"__comment": "Box14",
			"from": [ 0.5, 7, 0.25 ],
			"to": [ 15.5, 9, 0.75 ],
			"faces": {
				"down": { "uv": [ 0.5, 4, 15.5, 4.5 ], "texture": "#texture" },
				"up": { "uv": [ 0.5, 4, 15.5, 4.5 ], "texture": "#texture", "rotation": 180 },
				"north": { "uv": [ 0.5, 7, 15.5, 9 ], "texture": "#texture" },
				"south": { "uv": [ 0.5, 11.5, 15.5, 13.5 ], "texture": "#texture" },
				"west": { "uv": [ 0.25, 11.5, 0.75, 13.5 ], "texture": "#texture" },
				"east": { "uv": [ 15.25, 11.5, 15.75, 13.5 ], "texture": "#texture" }
			}
		},
		{
			"__comment": "Box14",
			"from": [ 0.5, 11.5, 0.25 ],
			"to": [ 15.5, 13.5, 0.75 ],
			"faces": {
				"down": { "uv": [ 0.5, 4, 15.5, 4.5 ], "texture": "#texture" },
				"up": { "uv": [ 0.5, 4, 15.5, 4.5 ], "texture": "#texture", "rotation": 180 },
				"north": { "uv": [ 0.5, 2.5, 15.5, 4.5 ], "texture": "#texture" },
				"south": { "uv": [ 0.5, 11.5, 15.5, 13.5 ], "texture": "#texture" },
				"west": { "uv": [ 0.25, 11.5, 0.75, 13.5 ], "texture": "#texture" },
				"east": { "uv": [ 15.25, 11.5, 15.75, 13.5 ], "texture": "#texture" }
			}
		},
		{
			"__comment": "Box14",
			"from": [ 15.25, 2.5, 0.5 ],
			"to": [ 15.75, 4.5, 15.5 ],
			"faces": {
				"down": { "uv": [ 0.5, 4, 15.5, 4.5 ], "texture": "#texture", "rotation": 270 },
				"up": { "uv": [ 0.5, 4, 15.5, 4.5 ], "texture": "#texture", "rotation": 270 },
				"north": { "uv": [ 0.25, 11.5, 0.75, 13.5 ], "texture": "#texture" },
				"south": { "uv": [ 15.25, 11.5, 15.75, 13.5 ], "texture": "#texture" },
				"west": { "uv": [ 0.5, 11.5, 15.5, 13.5 ], "texture": "#texture" },
				"east": { "uv": [ 0.5, 11.5, 15.5, 13.5 ], "texture": "#texture" }
			}
		},
		{
			"__comment": "Box14",
			"from": [ 15.25, 7, 0.5 ],
			"to": [ 15.75, 9, 15.5 ],
			"faces": {
				"down": { "uv": [ 0.5, 4, 15.5, 4.5 ], "texture": "#texture", "rotation": 270 },
				"up": { "uv": [ 0.5, 4, 15.5, 4.5 ], "texture": "#texture", "rotation": 270 },
				"north": { "uv": [ 0.25, 11.5, 0.75, 13.5 ], "texture": "#texture" },
				"south": { "uv": [ 15.25, 11.5, 15.75, 13.5 ], "texture": "#texture" },
				"west": { "uv": [ 0.5, 11.5, 15.5, 13.5 ], "texture": "#texture" },
				"east": { "uv": [ 0.5, 7, 15.5, 9 ], "texture": "#texture" }
			}
		},
		{
			"__comment": "Box14",
			"from": [ 15.25, 11.5, 0.5 ],
			"to": [ 15.75, 13.5, 15.5 ],
			"faces": {
				"down": { "uv": [ 0.5, 4, 15.5, 4.5 ], "texture": "#texture", "rotation": 270 },
				"up": { "uv": [ 0.5, 4, 15.5, 4.5 ], "texture": "#texture", "rotation": 270 },
				"north": { "uv": [ 0.25, 11.5, 0.75, 13.5 ], "texture": "#texture" },
				"south": { "uv": [ 15.25, 11.5, 15.75, 13.5 ], "texture": "#texture" },
				"west": { "uv": [ 0.5, 11.5, 15.5, 13.5 ], "texture": "#texture" },
				"east": { "uv": [ 0.5, 2.5, 15.5, 4.5 ], "texture": "#texture" }
			}
		},
		{
			"__comment": "Box14",
			"from": [ 0.5, 15.5, 2.5 ],
			"to": [ 15.5, 15.75, 4.5 ],
			"faces": {
				"down": { "uv": [ 15.5, 13.5, 0.5, 11.5 ], "texture": "#texture", "rotation": 180 },
				"up": { "uv": [ 0.5, 11.5, 15.5, 13.5 ], "texture": "#texture", "rotation": 180 },
				"north": { "uv": [ 0.5, 4.25, 15.5, 4.5 ], "texture": "#texture", "rotation": 180 },
				"south": { "uv": [ 15.5, 4.5, 0.5, 4.25 ], "texture": "#texture" },
				"west": { "uv": [ 0.25, 11.5, 0.75, 13.5 ], "texture": "#texture", "rotation": 90 },
				"east": { "uv": [ 15.25, 11.5, 15.75, 13.5 ], "texture": "#texture", "rotation": 270 }
			}
		},
		{
			"__comment": "Box14",
			"from": [ 0.5, 15.5, 7 ],
			"to": [ 15.5, 15.75, 9 ],
			"faces": {
				"down": { "uv": [ 15.5, 13.5, 0.5, 11.5 ], "texture": "#texture", "rotation": 180 },
				"up": { "uv": [ 0.5, 7, 15.5, 9 ], "texture": "#texture", "rotation": 180 },
				"north": { "uv": [ 0.5, 4.25, 15.5, 4.5 ], "texture": "#texture", "rotation": 180 },
				"south": { "uv": [ 15.5, 4.5, 0.5, 4.25 ], "texture": "#texture" },
				"west": { "uv": [ 0.25, 11.5, 0.75, 13.5 ], "texture": "#texture", "rotation": 90 },
				"east": { "uv": [ 15.25, 11.5, 15.75, 13.5 ], "texture": "#texture", "rotation": 270 }
			}
		},
		{
			"__comment": "Box14",
			"from": [ 0.5, 15.5, 11.5 ],
			"to": [ 15.5, 15.75, 13.5 ],
			"faces": {
				"down": { "uv": [ 15.5, 13.5, 0.5, 11.5 ], "texture": "#texture", "rotation": 180 },
				"up": { "uv": [ 0.5, 2.5, 15.5, 4.5 ], "texture": "#texture", "rotation": 180 },
				"north": { "uv": [ 0.5, 4.25, 15.5, 4.5 ], "texture": "#texture", "rotation": 180 },
				"south": { "uv": [ 15.5, 4.5, 0.5, 4.25 ], "texture": "#texture" },
				"west": { "uv": [ 0.25, 11.5, 0.75, 13.5 ], "texture": "#texture", "rotation": 90 },
				"east": { "uv": [ 15.25, 11.5, 15.75, 13.5 ], "texture": "#texture", "rotation": 270 }
			}
		},
		{
			"__comment": "Box14",
			"from": [ 0.5, 0.25, 11.5 ],
			"to": [ 15.5, 0.5, 13.5 ],
			"faces": {
				"down": { "uv": [ 15.5, 13.5, 0.5, 11.5 ], "texture": "#texture", "rotation": 180 },
				"up": { "uv": [ 0.5, 2.5, 15.5, 4.5 ], "texture": "#texture", "rotation": 180 },
				"north": { "uv": [ 0.5, 4.25, 15.5, 4.5 ], "texture": "#texture", "rotation": 180 },
				"south": { "uv": [ 15.5, 4.5, 0.5, 4.25 ], "texture": "#texture" },
				"west": { "uv": [ 0.25, 11.5, 0.75, 13.5 ], "texture": "#texture", "rotation": 90 },
				"east": { "uv": [ 15.25, 11.5, 15.75, 13.5 ], "texture": "#texture", "rotation": 270 }
			}
		},
		{
			"__comment": "Box14",
			"from": [ 0.5, 0.25, 2.5 ],
			"to": [ 15.5, 0.5, 4.5 ],
			"faces": {
				"down": { "uv": [ 15.5, 13.5, 0.5, 11.5 ], "texture": "#texture", "rotation": 180 },
				"up": { "uv": [ 0.5, 11.5, 15.5, 13.5 ], "texture": "#texture", "rotation": 180 },
				"north": { "uv": [ 0.5, 4.25, 15.5, 4.5 ], "texture": "#texture", "rotation": 180 },
				"south": { "uv": [ 15.5, 4.5, 0.5, 4.25 ], "texture": "#texture" },
				"west": { "uv": [ 0.25, 11.5, 0.75, 13.5 ], "texture": "#texture", "rotation": 90 },
				"east": { "uv": [ 15.25, 11.5, 15.75, 13.5 ], "texture": "#texture", "rotation": 270 }
			}
		},
		{
			"__comment": "Box14",
			"from": [ 0.5, 0.25, 7 ],
			"to": [ 15.5, 0.5, 9 ],
			"faces": {
				"down": { "uv": [ 15.5, 13.5, 0.5, 11.5 ], "texture": "#texture", "rotation": 180 },
				"up": { "uv": [ 0.5, 7, 15.5, 9 ], "texture": "#texture", "rotation": 180 },
				"north": { "uv": [ 0.5, 4.25, 15.5, 4.5 ], "texture": "#texture", "rotation": 180 },
				"south": { "uv": [ 15.5, 4.5, 0.5, 4.25 ], "texture": "#texture" },
				"west": { "uv": [ 0.25, 11.5, 0.75, 13.5 ], "texture": "#texture", "rotation": 90 },
				"east": { "uv": [ 15.25, 11.5, 15.75, 13.5 ], "texture": "#texture", "rotation": 270 }
			}
		},
		{
			"__comment": "Box14",
			"from": [ 0.5, 11.5, 15.25 ],
			"to": [ 15.5, 13.5, 15.75 ],
			"faces": {
				"down": { "uv": [ 0.5, 4, 15.5, 4.5 ], "texture": "#texture", "rotation": 180 },
				"up": { "uv": [ 0.5, 4, 15.5, 4.5 ], "texture": "#texture" },
				"north": { "uv": [ 0.5, 11.5, 15.5, 13.5 ], "texture": "#texture" },
				"south": { "uv": [ 0.5, 2.5, 15.5, 4.5 ], "texture": "#texture" },
				"west": { "uv": [ 15.25, 11.5, 15.75, 13.5 ], "texture": "#texture" },
				"east": { "uv": [ 0.25, 11.5, 0.75, 13.5 ], "texture": "#texture" }
			}
		},
		{
			"__comment": "Box14",
			"from": [ 0.5, 7, 15.25 ],
			"to": [ 15.5, 9, 15.75 ],
			"faces": {
				"down": { "uv": [ 0.5, 4, 15.5, 4.5 ], "texture": "#texture", "rotation": 180 },
				"up": { "uv": [ 0.5, 4, 15.5, 4.5 ], "texture": "#texture" },
				"north": { "uv": [ 0.5, 11.5, 15.5, 13.5 ], "texture": "#texture" },
				"south": { "uv": [ 0.5, 7, 15.5, 9 ], "texture": "#texture" },
				"west": { "uv": [ 15.25, 11.5, 15.75, 13.5 ], "texture": "#texture" },
				"east": { "uv": [ 0.25, 11.5, 0.75, 13.5 ], "texture": "#texture" }
			}
		},
		{
			"__comment": "Box14",
			"from": [ 0.5, 2.5, 15.25 ],
			"to": [ 15.5, 4.5, 15.75 ],
			"faces": {
				"down": { "uv": [ 0.5, 4, 15.5, 4.5 ], "texture": "#texture", "rotation": 180 },
				"up": { "uv": [ 0.5, 4, 15.5, 4.5 ], "texture": "#texture" },
				"north": { "uv": [ 0.5, 11.5, 15.5, 13.5 ], "texture": "#texture" },
				"south": { "uv": [ 0.5, 11.5, 15.5, 13.5 ], "texture": "#texture" },
				"west": { "uv": [ 15.25, 11.5, 15.75, 13.5 ], "texture": "#texture" },
				"east": { "uv": [ 0.25, 11.5, 0.75, 13.5 ], "texture": "#texture" }
			}
		}
	],
	"display": {
		"thirdperson_righthand": {
			"rotation":  [ 75, 45, 0 ],
			"translation":  [ 0, 2.5, 0 ],
			"scale":  [ 0.375, 0.375, 0.375 ]
		},
		"thirdperson_lefthand": {
			"rotation":  [ 75, 45, 0 ],
			"translation":  [ 0, 2.5, 0 ],
			"scale":  [ 0.375, 0.375, 0.375 ]
		},
		"firstperson_righthand": {
			"rotation":  [ 0, 45, 0 ],
			"scale":  [ 0.4, 0.4, 0.4 ]
		},
		"firstperson_lefthand": {
			"rotation":  [ 0, 45, 0 ],
			"scale":  [ 0.4, 0.4, 0.4 ]
		},
		"gui": {
			"rotation":  [ 30, 225, 0 ],
			"scale":  [ 0.625, 0.625, 0.625 ]
		},
		"ground": {
			"translation":  [ 0, 3, 0 ],
			"scale":  [ 0.25, 0.25, 0.25 ]
		},
		"fixed": {
			"scale":  [ 0.5, 0.5, 0.5 ]
		}
	}
}