{
    "variants": {
        "": [
            { "model": "block/sand/sand" },
			{ "model": "block/sand/sand", "y": 90 },
            { "model": "block/sand/sand", "y": 180 },
            { "model": "block/sand/sand", "y": 270 },
            { "model": "block/sand/sand1" },
			{ "model": "block/sand/sand1", "y": 90 },
            { "model": "block/sand/sand1", "y": 180 },
            { "model": "block/sand/sand1", "y": 270 },
            { "model": "block/sand/sand2" },
			{ "model": "block/sand/sand2", "y": 90 },
            { "model": "block/sand/sand2", "y": 180 },
            { "model": "block/sand/sand2", "y": 270 },
            { "model": "block/sand/sand3" },
			{ "model": "block/sand/sand3", "y": 90 },
            { "model": "block/sand/sand3", "y": 180 },
            { "model": "block/sand/sand3", "y": 270 },
            { "model": "block/sand/sand4" },
			{ "model": "block/sand/sand4", "y": 90 },
            { "model": "block/sand/sand4", "y": 180 },
            { "model": "block/sand/sand4", "y": 270 }
        ]
    }
}
