{
    "variants": {
        "type=bottom":[
            { "model": "block/slab_stone/stone_slab" },
			{ "model": "block/slab_stone/stone_slab1" },
			{ "model": "block/slab_stone/stone_slab2" },
			{ "model": "block/slab_stone/stone_slab3" }
        ],

        "type=top":[
            { "model": "block/slab_stone/stone_slab_top" },
			{ "model": "block/slab_stone/stone_slab_top1" },
			{ "model": "block/slab_stone/stone_slab_top2" },
			{ "model": "block/slab_stone/stone_slab_top3" }
        ],

        "type=double":[
            { "model": "block/slab_stone/stone_slab_double" },
			{ "model": "block/slab_stone/stone_slab_double1" },
			{ "model": "block/slab_stone/stone_slab_double2" },
			{ "model": "block/slab_stone/stone_slab_double3" }
        ]
    }
}
