{
    "__comment": "Model generated using MrCrayfish's Model Creator (http://mrcrayfish.com/modelcreator/)",
    "textures": {
        "0": "blocks/rail_normal",
        "1": "blocks/stone",
        "2": "blocks/gold_block",
        "3": "blocks/redstone_block"
    },
    "elements": [
        {
            "name": "Cube",
            "from": [ 1.0, 1.0, 0.0 ], 
            "to": [ 3.0, 2.5, 16.0 ], 
            "faces": {
                "north": { "texture": "#0", "uv": [ 2.0, 14.0, 4.0, 12.5 ] },
                "east": { "texture": "#0", "uv": [ 13.0, 0.0, 14.0, 15.5 ] },
                "south": { "texture": "#0", "uv": [ 12.0, 9.0, 14.0, 7.5 ] },
                "west": { "texture": "#0", "uv": [ 13.0, 16.0, 12.0, -0.5 ] },
                "up": { "texture": "#0", "uv": [ 12.0, 0.0, 14.0, 16.0 ] },
                "down": { "texture": "#0", "uv": [ 12.0, 0.0, 14.0, 16.0 ] }
            }
        },
        {
            "name": "Cube",
            "from": [ 12.0, 0.0, 11.0 ], 
            "to": [ 16.0, 2.0, 13.0 ], 
            "faces": {
                "north": { "texture": "#1", "uv": [ 7.0, 5.0, 11.0, 7.0 ] },
                "east": { "texture": "#1", "uv": [ 5.0, 5.0, 7.0, 7.0 ] },
                "south": { "texture": "#1", "uv": [ 7.0, 6.0, 11.0, 8.0 ] },
                "west": { "texture": "#1", "uv": [ 0.0, 0.0, 2.0, 2.0 ] },
                "up": { "texture": "#1", "uv": [ 3.0, 2.0, 7.0, 4.0 ] },
                "down": { "texture": "#1", "uv": [ 5.0, 6.0, 9.0, 8.0 ] }
            }
        },
        {
            "name": "Cube",
            "from": [ 0.0, 0.0, 11.0 ], 
            "to": [ 4.0, 2.0, 13.0 ], 
            "faces": {
                "north": { "texture": "#1", "uv": [ 3.0, 8.0, 7.0, 12.0 ] },
                "east": { "texture": "#1", "uv": [ 5.0, 8.0, 7.0, 10.0 ] },
                "south": { "texture": "#1", "uv": [ 3.0, 10.0, 7.0, 12.0 ] },
                "west": { "texture": "#1", "uv": [ 4.0, 4.0, 6.0, 6.0 ] },
                "up": { "texture": "#1", "uv": [ 0.0, 3.0, 4.0, 5.0 ] },
                "down": { "texture": "#1", "uv": [ 0.0, 0.0, 4.0, 2.0 ] }
            }
        },
        {
            "name": "Cube",
            "from": [ 12.0, 0.0, 3.0 ], 
            "to": [ 16.0, 2.0, 5.0 ], 
            "faces": {
                "north": { "texture": "#1", "uv": [ 3.0, 7.0, 7.0, 9.0 ] },
                "east": { "texture": "#1", "uv": [ 0.0, 3.0, 2.0, 5.0 ] },
                "south": { "texture": "#1", "uv": [ 0.0, 0.0, 4.0, 2.0 ] },
                "west": { "texture": "#1", "uv": [ 0.0, 0.0, 2.0, 2.0 ] },
                "up": { "texture": "#1", "uv": [ 4.0, 12.0, 8.0, 14.0 ] },
                "down": { "texture": "#1", "uv": [ 0.0, 0.0, 4.0, 2.0 ] }
            }
        },
        {
            "name": "Cube",
            "from": [ 6.0, 0.0, 11.0 ], 
            "to": [ 10.0, 2.0, 13.0 ], 
            "faces": {
                "north": { "texture": "#1", "uv": [ 8.0, 5.0, 12.0, 7.0 ] },
                "east": { "texture": "#1", "uv": [ 6.0, 2.0, 8.0, 4.0 ] },
                "south": { "texture": "#1", "uv": [ 5.0, 5.0, 9.0, 7.0 ] },
                "west": { "texture": "#1", "uv": [ 0.0, 0.0, 2.0, 2.0 ] },
                "up": { "texture": "#1", "uv": [ 4.0, 2.0, 8.0, 4.0 ] },
                "down": { "texture": "#1", "uv": [ 5.0, 2.0, 9.0, 4.0 ] }
            }
        },
        {
            "name": "Cube",
            "from": [ 7.0, 1.0, 0.0 ], 
            "to": [ 9.0, 2.5, 16.0 ], 
            "faces": {
                "north": { "texture": "#2", "uv": [ 6.0, 9.0, 8.0, 10.5 ] },
                "east": { "texture": "#2", "uv": [ 15.0, 6.0, 1.0, 8.5 ] },
                "south": { "texture": "#2", "uv": [ 4.0, 4.0, 7.0, 6.5 ] },
                "west": { "texture": "#2", "uv": [ 15.0, 5.0, 1.0, 7.5 ] },
                "up": { "texture": "#2", "uv": [ 4.0, 1.0, 6.0, 15.0 ] },
                "down": { "texture": "#2", "uv": [ 6.0, 1.0, 8.0, 15.0 ] }
            }
        },
        {
            "name": "Cube",
            "from": [ 13.0, 1.0, 0.0 ], 
            "to": [ 15.0, 2.5, 16.0 ], 
            "faces": {
                "north": { "texture": "#0", "uv": [ 12.0, 11.0, 14.0, 12.5 ] },
                "east": { "texture": "#0", "uv": [ 3.0, 0.0, 4.0, 15.5 ] },
                "south": { "texture": "#0", "uv": [ 2.0, 9.0, 4.0, 10.5 ] },
                "west": { "texture": "#0", "uv": [ 2.0, 0.0, 3.0, 15.5 ] },
                "up": { "texture": "#0", "uv": [ 2.0, 0.0, 4.0, 16.0 ] },
                "down": { "texture": "#0", "uv": [ 2.0, 0.0, 4.0, 15.0 ] }
            }
        },
        {
            "name": "Cube",
            "from": [ 0.0, 0.0, 3.0 ], 
            "to": [ 4.0, 2.0, 5.0 ], 
            "faces": {
                "north": { "texture": "#1", "uv": [ 8.0, 5.0, 12.0, 7.0 ] },
                "east": { "texture": "#1", "uv": [ 6.0, 2.0, 8.0, 4.0 ] },
                "south": { "texture": "#1", "uv": [ 5.0, 5.0, 9.0, 7.0 ] },
                "west": { "texture": "#1", "uv": [ 0.0, 0.0, 2.0, 2.0 ] },
                "up": { "texture": "#1", "uv": [ 4.0, 2.0, 8.0, 4.0 ] },
                "down": { "texture": "#1", "uv": [ 5.0, 2.0, 9.0, 4.0 ] }
            }
        },
        {
            "name": "Cube",
            "from": [ 6.0, 0.0, 3.0 ], 
            "to": [ 10.0, 2.0, 5.0 ], 
            "faces": {
                "north": { "texture": "#1", "uv": [ 8.0, 5.0, 12.0, 7.0 ] },
                "east": { "texture": "#1", "uv": [ 6.0, 2.0, 8.0, 4.0 ] },
                "south": { "texture": "#1", "uv": [ 5.0, 5.0, 9.0, 7.0 ] },
                "west": { "texture": "#1", "uv": [ 0.0, 0.0, 2.0, 2.0 ] },
                "up": { "texture": "#1", "uv": [ 4.0, 2.0, 8.0, 4.0 ] },
                "down": { "texture": "#1", "uv": [ 5.0, 2.0, 9.0, 4.0 ] }
            }
        },
        {
            "name": "Cube",
            "from": [ 6.5, -0.1, 10.5 ], 
            "to": [ 9.5, 1.2, 13.5 ], 
            "faces": {
                "north": { "texture": "#3", "uv": [ 3.0, 7.0, 7.0, 9.0 ] },
                "east": { "texture": "#3", "uv": [ 5.0, 9.0, 8.0, 10.3 ] },
                "south": { "texture": "#3", "uv": [ 4.0, 6.0, 7.0, 7.3 ] },
                "west": { "texture": "#3", "uv": [ 2.0, 9.0, 5.0, 10.3 ] },
                "up": { "texture": "#3", "uv": [ 5.0, 5.0, 8.0, 8.0 ] },
                "down": { "texture": "#3", "uv": [ 3.0, 7.0, 6.0, 10.0 ] }
            }
        },
        {
            "name": "Cube",
            "from": [ 6.5, -0.1, 2.5 ], 
            "to": [ 9.5, 1.2, 5.5 ], 
            "faces": {
                "north": { "texture": "#3", "uv": [ 5.0, 7.0, 7.0, 9.0 ] },
                "east": { "texture": "#3", "uv": [ 4.0, 7.0, 7.0, 8.3 ] },
                "south": { "texture": "#3", "uv": [ 3.0, 7.0, 6.0, 8.3 ] },
                "west": { "texture": "#3", "uv": [ 5.0, 9.0, 8.0, 10.3 ] },
                "up": { "texture": "#3", "uv": [ 6.0, 6.0, 9.0, 9.0 ] },
                "down": { "texture": "#3", "uv": [ 3.0, 6.0, 6.0, 9.0 ] }
            }
        }
    ]
}