{
"__comment": "Designed by Simbuildings with BDcraft Cubik PRO 0.96 Beta - http://bdcraft.net",
"textures": {
    "particle": "blocks/stone",
    "texture": "blocks/rail_normal_turned"
},
"elements": [ 
{
    "__comment": "rail_curved_map x16",
    "from": [ 1, 1, 11 ],
    "to": [ 3, 2.5, 16 ],
    "faces": {
        "down":  { "uv": [ 1, 16, 3, 11 ], "texture": "#texture" },
        "up":    { "uv": [ 1, 11, 3, 16 ], "texture": "#texture" },
        "north": { "uv": [ 3, 11, 1, 12 ], "texture": "#texture" },
        "south": { "uv": [ 1, 16, 3, 15 ], "texture": "#texture" },
        "west":  { "uv": [ 1, 11, 2, 16 ], "rotation": 270, "texture": "#texture" },
        "east":  { "uv": [ 3, 11, 2, 16 ], "rotation": 90, "texture": "#texture" }
    }
},
{
    "__comment": "rail_curved_map x16",
    "from": [ 2, 1, 9 ],
    "to": [ 4, 2.5, 11 ],
    "faces": {
        "down":  { "uv": [ 2, 11, 4, 9 ], "texture": "#texture" },
        "up":    { "uv": [ 2, 9, 4, 11 ], "texture": "#texture" },
        "north": { "uv": [ 4, 9, 2, 10 ], "texture": "#texture" },
        "south": { "uv": [ 2, 11, 4, 10 ], "texture": "#texture" },
        "west":  { "uv": [ 2, 9, 3, 11 ], "rotation": 270, "texture": "#texture" },
        "east":  { "uv": [ 4, 9, 3, 11 ], "rotation": 90, "texture": "#texture" }
    }
},
{
    "__comment": "rail_curved_map x16",
    "from": [ 3, 1, 7 ],
    "to": [ 5, 2.5, 9 ],
    "faces": {
        "down":  { "uv": [ 3, 9, 5, 7 ], "texture": "#texture" },
        "up":    { "uv": [ 3, 7, 5, 9 ], "texture": "#texture" },
        "north": { "uv": [ 5, 7, 3, 8 ], "texture": "#texture" },
        "south": { "uv": [ 3, 9, 5, 8 ], "texture": "#texture" },
        "west":  { "uv": [ 3, 7, 4, 9 ], "rotation": 270, "texture": "#texture" },
        "east":  { "uv": [ 5, 7, 4, 9 ], "rotation": 90, "texture": "#texture" }
    }
},
{
    "__comment": "rail_curved_map x16",
    "from": [ 4, 1, 6 ],
    "to": [ 6, 2.5, 7 ],
    "faces": {
        "down":  { "uv": [ 4, 7, 6, 6 ], "texture": "#texture" },
        "up":    { "uv": [ 4, 6, 6, 7 ], "texture": "#texture" },
        "north": { "uv": [ 6, 6, 4, 7 ], "texture": "#texture" },
        "south": { "uv": [ 4, 7, 6, 6 ], "texture": "#texture" },
        "west":  { "uv": [ 4, 6, 5, 7 ], "rotation": 270, "texture": "#texture" },
        "east":  { "uv": [ 6, 6, 5, 7 ], "rotation": 90, "texture": "#texture" }
    }
},
{
    "__comment": "rail_curved_map x16",
    "from": [ 5, 1, 5 ],
    "to": [ 7, 2.5, 6 ],
    "faces": {
        "down":  { "uv": [ 5, 6, 7, 5 ], "texture": "#texture" },
        "up":    { "uv": [ 5, 5, 7, 6 ], "texture": "#texture" },
        "north": { "uv": [ 7, 5, 5, 6 ], "texture": "#texture" },
        "south": { "uv": [ 5, 6, 7, 5 ], "texture": "#texture" },
        "west":  { "uv": [ 5, 5, 6, 6 ], "rotation": 270, "texture": "#texture" },
        "east":  { "uv": [ 7, 5, 6, 6 ], "rotation": 90, "texture": "#texture" }
    }
},
{
    "__comment": "rail_curved_map x16",
    "from": [ 6, 1, 4 ],
    "to": [ 9, 2.5, 5 ],
    "faces": {
        "down":  { "uv": [ 6, 5, 9, 4 ], "texture": "#texture" },
        "up":    { "uv": [ 6, 4, 9, 5 ], "texture": "#texture" },
        "north": { "uv": [ 9, 4, 6, 5 ], "texture": "#texture" },
        "south": { "uv": [ 6, 5, 9, 4 ], "texture": "#texture" },
        "west":  { "uv": [ 6, 4, 7, 5 ], "rotation": 270, "texture": "#texture" },
        "east":  { "uv": [ 9, 4, 8, 5 ], "rotation": 90, "texture": "#texture" }
    }
},
{
    "__comment": "rail_curved_map x16",
    "from": [ 7, 1, 3 ],
    "to": [ 11, 2.5, 4 ],
    "faces": {
        "down":  { "uv": [ 7, 4, 11, 3 ], "texture": "#texture" },
        "up":    { "uv": [ 7, 3, 11, 4 ], "texture": "#texture" },
        "north": { "uv": [ 11, 3, 7, 4 ], "texture": "#texture" },
        "south": { "uv": [ 7, 4, 11, 3 ], "texture": "#texture" },
        "west":  { "uv": [ 7, 3, 8, 4 ], "rotation": 270, "texture": "#texture" },
        "east":  { "uv": [ 11, 3, 10, 4 ], "rotation": 90, "texture": "#texture" }
    }
},
{
    "__comment": "rail_curved_map x16",
    "from": [ 9, 1, 2 ],
    "to": [ 16, 2.5, 3 ],
    "faces": {
        "down":  { "uv": [ 9, 3, 16, 2 ], "texture": "#texture" },
        "up":    { "uv": [ 9, 2, 16, 3 ], "texture": "#texture" },
        "north": { "uv": [ 16, 2, 9, 3 ], "texture": "#texture" },
        "south": { "uv": [ 9, 3, 16, 2 ], "texture": "#texture" },
        "west":  { "uv": [ 9, 2, 10, 3 ], "rotation": 270, "texture": "#texture" },
        "east":  { "uv": [ 16, 2, 15, 3 ], "rotation": 90, "texture": "#texture" }
    }
},
{
    "__comment": "rail_curved_map x16",
    "from": [ 11, 1, 1 ],
    "to": [ 16, 2.5, 2 ],
    "faces": {
        "down":  { "uv": [ 11, 2, 16, 1 ], "texture": "#texture" },
        "up":    { "uv": [ 11, 1, 16, 2 ], "texture": "#texture" },
        "north": { "uv": [ 16, 1, 11, 2 ], "texture": "#texture" },
        "south": { "uv": [ 11, 2, 16, 1 ], "texture": "#texture" },
        "west":  { "uv": [ 11, 1, 12, 2 ], "rotation": 270, "texture": "#texture" },
        "east":  { "uv": [ 16, 1, 15, 2 ], "rotation": 90, "texture": "#texture" }
    }
},
{
    "__comment": "rail_curved_map x16",
    "from": [ 13, 1, 15 ],
    "to": [ 15, 2.5, 16 ],
    "faces": {
        "down":  { "uv": [ 13, 16, 15, 15 ], "texture": "#texture" },
        "up":    { "uv": [ 13, 15, 15, 16 ], "texture": "#texture" },
        "north": { "uv": [ 15, 15, 13, 16 ], "texture": "#texture" },
        "south": { "uv": [ 13, 16, 15, 15 ], "texture": "#texture" },
        "west":  { "uv": [ 13, 15, 14, 16 ], "rotation": 270, "texture": "#texture" },
        "east":  { "uv": [ 15, 15, 14, 16 ], "rotation": 90, "texture": "#texture" }
    }
},
{
    "__comment": "rail_curved_map x16",
    "from": [ 14, 1, 14 ],
    "to": [ 16, 2.5, 15 ],
    "faces": {
        "down":  { "uv": [ 14, 15, 16, 14 ], "texture": "#texture" },
        "up":    { "uv": [ 14, 14, 16, 15 ], "texture": "#texture" },
        "north": { "uv": [ 16, 14, 14, 15 ], "texture": "#texture" },
        "south": { "uv": [ 14, 15, 16, 14 ], "texture": "#texture" },
        "west":  { "uv": [ 14, 14, 15, 15 ], "rotation": 270, "texture": "#texture" },
        "east":  { "uv": [ 16, 14, 15, 15 ], "rotation": 90, "texture": "#texture" }
    }
},
{
    "__comment": "rail_curved_map x16",
    "from": [ 15, 1, 13 ],
    "to": [ 16, 2.5, 14 ],
    "faces": {
        "down":  { "uv": [ 15, 14, 16, 13 ], "texture": "#texture" },
        "up":    { "uv": [ 15, 13, 16, 14 ], "texture": "#texture" },
        "north": { "uv": [ 16, 13, 15, 14 ], "texture": "#texture" },
        "south": { "uv": [ 15, 14, 16, 13 ], "texture": "#texture" },
        "west":  { "uv": [ 15, 13, 16, 14 ], "rotation": 270, "texture": "#texture" },
        "east":  { "uv": [ 16, 13, 15, 14 ], "rotation": 90, "texture": "#texture" }
    }
}
]
}